network_type,target_name,mean_rtt,median_rtt,min_rtt,max_rtt,p95_rtt,jitter,loss_rate,hour,is_peak_hour,label
Mobile_10AM,Cloudflare_VN,443.32,276.95,76.54,1739.85,1268.12,360.85,6.67,10,0,POOR
Mobile_10AM,Cloudflare_VN,130.4,81.13,52.04,415.14,344.39,66.41,0.0,10,0,POOR
Mobile_10AM,Cloudflare_VN,114.93,92.37,62.87,479.78,251.09,54.4,0.0,10,0,POOR
Mobile_10AM,Cloudflare_VN,139.73,80.31,58.9,657.6,448.13,97.69,3.33,10,0,POOR
Mobile_10AM,Cloudflare_VN,248.83,176.0,66.97,1021.05,817.51,182.22,0.0,10,0,POOR
Mobile_10AM,Cloudflare_VN,351.98,292.8,65.45,1048.99,917.19,242.03,6.67,10,0,POOR
Mobile_10AM,Cloudflare_VN,306.29,256.72,51.82,799.97,717.48,157.19,3.33,10,0,POOR
Mobile_10AM,Cloudflare_VN,312.67,277.34,82.62,1093.03,641.33,171.21,0.0,10,0,POOR
Mobile_10AM,Cloudflare_VN,269.6,184.91,72.9,923.68,641.24,174.15,0.0,10,0,POOR
Mobile_10AM,Cloudflare_VN,243.76,201.48,76.02,535.83,505.39,123.47,0.0,10,0,POOR
Mobile_10AM,Cloudflare_VN,230.36,201.5,67.42,724.26,493.19,131.58,0.0,10,0,POOR
Mobile_10AM,Cloudflare_VN,247.27,223.29,85.0,623.0,465.82,161.62,0.0,10,0,POOR
Mobile_10AM,Cloudflare_VN,337.08,251.1,70.93,1027.1,878.58,247.77,0.0,10,0,POOR
Mobile_10AM,Cloudflare_VN,405.01,347.15,75.48,1097.62,961.8,282.64,3.33,10,0,POOR
Mobile_10AM,Cloudflare_VN,332.93,269.18,74.2,949.39,629.6,179.87,3.33,10,0,POOR
Mobile_10AM,Cloudflare_VN,297.43,288.09,93.93,1095.05,623.42,204.51,3.33,10,0,POOR
Mobile_10AM,Cloudflare_VN,266.83,204.25,67.39,891.72,748.38,165.83,0.0,10,0,POOR
Mobile_10AM,Google_VN,468.55,387.13,60.34,1705.35,1158.69,421.01,3.33,10,0,POOR
Mobile_10AM,Google_VN,120.88,76.02,55.29,623.08,262.42,94.64,0.0,10,0,POOR
Mobile_10AM,Google_VN,87.32,84.23,55.94,209.38,114.45,25.35,0.0,10,0,ACCEPTABLE
Mobile_10AM,Google_VN,161.3,123.59,56.07,592.91,414.61,98.53,0.0,10,0,POOR
Mobile_10AM,Google_VN,248.46,182.44,66.97,870.52,560.83,166.04,0.0,10,0,POOR
Mobile_10AM,Google_VN,306.23,213.58,55.36,899.93,784.2,218.62,3.33,10,0,POOR
Mobile_10AM,Google_VN,299.35,242.34,75.28,1057.51,768.05,115.23,0.0,10,0,POOR
Mobile_10AM,Google_VN,254.6,183.75,52.73,756.01,559.59,174.14,0.0,10,0,POOR
Mobile_10AM,Google_VN,254.71,181.21,76.02,865.83,688.55,136.28,0.0,10,0,POOR
Mobile_10AM,Google_VN,201.67,182.89,48.43,721.3,431.48,157.56,0.0,10,0,POOR
Mobile_10AM,Google_VN,271.51,267.63,60.36,494.3,473.44,150.77,0.0,10,0,POOR
Mobile_10AM,Google_VN,214.17,191.56,52.21,537.58,464.84,157.0,0.0,10,0,POOR
Mobile_10AM,Google_VN,258.87,184.78,70.47,1075.65,640.38,172.7,0.0,10,0,POOR
Mobile_10AM,Google_VN,353.86,305.59,56.46,1086.47,949.78,296.68,0.0,10,0,POOR
Mobile_10AM,Google_VN,323.4,262.41,86.18,914.66,714.73,169.22,3.33,10,0,POOR
Mobile_10AM,Google_VN,272.79,201.12,85.54,794.3,507.53,188.59,0.0,10,0,POOR
Mobile_10AM,Google_VN,254.91,178.46,70.25,902.96,589.53,138.76,0.0,10,0,POOR
Mobile_10AM,OpenDNS_Global,496.8,429.03,84.44,1506.92,1092.87,399.88,10.0,10,0,POOR
Mobile_10AM,OpenDNS_Global,138.79,111.21,72.31,402.02,301.61,60.93,0.0,10,0,POOR
Mobile_10AM,OpenDNS_Global,103.64,100.05,68.67,202.33,139.17,30.7,0.0,10,0,POOR
Mobile_10AM,OpenDNS_Global,151.78,120.97,62.57,480.68,346.99,62.71,0.0,10,0,POOR
Mobile_10AM,OpenDNS_Global,243.14,202.28,95.83,666.93,505.42,122.38,0.0,10,0,POOR
Mobile_10AM,OpenDNS_Global,378.66,315.69,93.31,1108.76,922.36,199.61,0.0,10,0,POOR
Mobile_10AM,OpenDNS_Global,336.44,261.79,70.81,955.7,859.72,195.1,0.0,10,0,POOR
Mobile_10AM,OpenDNS_Global,290.52,225.48,71.65,752.14,696.06,258.13,3.33,10,0,POOR
Mobile_10AM,OpenDNS_Global,290.77,228.62,78.57,754.48,630.37,139.02,0.0,10,0,POOR
Mobile_10AM,OpenDNS_Global,261.44,236.03,58.81,691.51,580.74,142.55,0.0,10,0,POOR
Mobile_10AM,OpenDNS_Global,243.96,219.62,62.4,600.6,484.7,179.33,0.0,10,0,POOR
Mobile_10AM,OpenDNS_Global,213.7,206.25,62.73,532.1,456.57,131.99,0.0,10,0,POOR
Mobile_10AM,OpenDNS_Global,334.66,285.52,82.07,757.38,698.04,171.22,0.0,10,0,POOR
Mobile_10AM,OpenDNS_Global,351.05,272.52,60.94,1015.04,941.1,271.94,3.33,10,0,POOR
Mobile_10AM,OpenDNS_Global,353.4,248.55,87.42,1715.44,1014.83,317.73,0.0,10,0,POOR
Mobile_10AM,OpenDNS_Global,303.18,282.24,68.23,797.24,650.55,203.71,0.0,10,0,POOR
Mobile_10AM,OpenDNS_Global,304.67,238.03,91.3,1134.57,871.47,124.4,0.0,10,0,POOR
Mobile_2PM,Cloudflare_VN,48.0,49.57,32.19,70.94,63.92,15.2,0.0,14,0,ACCEPTABLE
Mobile_2PM,Cloudflare_VN,46.7,45.08,31.42,66.36,64.79,11.89,3.33,14,0,POOR
Mobile_2PM,Cloudflare_VN,49.69,47.58,33.62,113.23,66.3,18.08,0.0,14,0,ACCEPTABLE
Mobile_2PM,Cloudflare_VN,49.84,52.07,31.8,63.57,61.69,11.84,0.0,14,0,GOOD
Mobile_2PM,Cloudflare_VN,47.67,49.3,32.53,62.13,61.64,8.27,0.0,14,0,GOOD
Mobile_2PM,Cloudflare_VN,51.75,50.94,32.61,153.17,65.37,20.8,0.0,14,0,ACCEPTABLE
Mobile_2PM,Cloudflare_VN,49.15,52.06,32.41,67.05,62.52,12.48,0.0,14,0,ACCEPTABLE
Mobile_2PM,Cloudflare_VN,53.06,46.68,33.34,196.48,100.05,21.84,3.33,14,0,POOR
Mobile_2PM,Cloudflare_VN,53.64,50.0,33.51,142.16,95.08,21.08,0.0,14,0,ACCEPTABLE
Mobile_2PM,Cloudflare_VN,51.92,51.58,32.86,127.46,64.3,14.11,0.0,14,0,ACCEPTABLE
Mobile_2PM,Cloudflare_VN,48.0,49.81,32.89,62.44,61.24,11.42,0.0,14,0,GOOD
Mobile_2PM,Google_VN,51.81,50.36,32.45,175.54,69.05,19.01,0.0,14,0,ACCEPTABLE
Mobile_2PM,Google_VN,52.06,49.39,32.41,137.8,61.38,19.53,0.0,14,0,ACCEPTABLE
Mobile_2PM,Google_VN,49.48,53.02,32.16,61.16,60.58,9.02,0.0,14,0,GOOD
Mobile_2PM,Google_VN,50.41,49.39,34.22,71.03,67.39,11.06,3.33,14,0,POOR
Mobile_2PM,Google_VN,52.17,53.17,32.72,113.57,77.91,18.78,0.0,14,0,ACCEPTABLE
Mobile_2PM,Google_VN,51.99,52.08,33.79,121.11,60.74,15.14,0.0,14,0,ACCEPTABLE
Mobile_2PM,Google_VN,49.3,51.48,34.03,60.95,60.47,9.75,0.0,14,0,GOOD
Mobile_2PM,Google_VN,54.06,41.14,33.32,197.51,111.16,28.08,0.0,14,0,ACCEPTABLE
Mobile_2PM,Google_VN,54.18,49.96,34.0,188.37,70.59,19.9,0.0,14,0,ACCEPTABLE
Mobile_2PM,Google_VN,48.15,50.95,33.59,62.38,61.88,12.47,0.0,14,0,ACCEPTABLE
Mobile_2PM,Google_VN,49.82,52.83,33.04,61.17,59.85,10.81,0.0,14,0,GOOD
Mobile_2PM,OpenDNS_Global,80.27,73.94,63.41,210.43,96.6,20.63,0.0,14,0,ACCEPTABLE
Mobile_2PM,OpenDNS_Global,79.38,79.37,64.45,139.7,91.37,14.7,0.0,14,0,ACCEPTABLE
Mobile_2PM,OpenDNS_Global,79.42,79.59,63.53,123.98,95.28,12.46,0.0,14,0,ACCEPTABLE
Mobile_2PM,OpenDNS_Global,80.61,83.81,63.8,96.45,92.77,11.58,0.0,14,0,ACCEPTABLE
Mobile_2PM,OpenDNS_Global,86.12,82.87,64.2,226.56,122.51,25.71,3.33,14,0,POOR
Mobile_2PM,OpenDNS_Global,82.84,82.72,64.1,165.57,89.19,15.36,0.0,14,0,ACCEPTABLE
Mobile_2PM,OpenDNS_Global,79.96,81.34,63.35,100.97,98.34,12.53,0.0,14,0,ACCEPTABLE
Mobile_2PM,OpenDNS_Global,94.4,80.81,62.82,411.08,186.9,46.49,0.0,14,0,POOR
Mobile_2PM,OpenDNS_Global,86.7,86.92,63.47,164.3,122.83,19.07,0.0,14,0,ACCEPTABLE
Mobile_2PM,OpenDNS_Global,78.02,76.67,64.35,94.04,92.12,11.01,0.0,14,0,ACCEPTABLE
Mobile_2PM,OpenDNS_Global,77.54,78.17,63.32,101.63,92.54,14.99,0.0,14,0,ACCEPTABLE
Mobile_7AM,Cloudflare_VN,97.44,31.05,27.2,485.81,451.46,56.01,0.0,7,0,POOR
Mobile_7AM,Cloudflare_VN,36.0,30.96,26.48,87.75,80.5,10.63,0.0,7,0,GOOD
Mobile_7AM,Cloudflare_VN,34.69,30.5,27.93,68.95,64.11,10.02,0.0,7,0,GOOD
Mobile_7AM,Cloudflare_VN,40.65,30.27,27.29,241.23,73.15,22.54,0.0,7,0,ACCEPTABLE
Mobile_7AM,Cloudflare_VN,30.95,29.65,27.04,52.94,37.6,4.03,0.0,7,0,GOOD
Mobile_7AM,Cloudflare_VN,34.83,29.74,25.84,105.44,65.04,11.33,0.0,7,0,GOOD
Mobile_7AM,Cloudflare_VN,39.85,29.71,26.62,302.56,42.33,13.36,0.0,7,0,ACCEPTABLE
Mobile_7AM,Cloudflare_VN,32.6,30.77,26.6,73.22,43.4,6.26,0.0,7,0,GOOD
Mobile_7AM,Cloudflare_VN,101.25,29.7,26.34,1136.88,387.52,88.09,0.0,7,0,POOR
Mobile_7AM,Cloudflare_VN,30.87,30.52,27.18,39.16,37.07,3.73,0.0,7,0,GOOD
Mobile_7AM,Cloudflare_VN,96.96,34.38,27.45,511.81,378.96,76.4,0.0,7,0,POOR
Mobile_7AM,Cloudflare_VN,88.07,33.88,25.93,598.61,308.13,57.59,0.0,7,0,POOR
Mobile_7AM,Cloudflare_VN,36.59,31.12,27.4,104.67,71.83,9.45,0.0,7,0,GOOD
Mobile_7AM,Cloudflare_VN,57.22,30.3,27.11,690.8,71.3,51.67,0.0,7,0,POOR
Mobile_7AM,Cloudflare_VN,39.99,29.52,27.21,129.94,88.68,14.01,0.0,7,0,ACCEPTABLE
Mobile_7AM,Cloudflare_VN,86.0,34.14,25.99,391.77,238.15,32.34,0.0,7,0,POOR
Mobile_7AM,Cloudflare_VN,31.33,28.31,25.74,60.61,42.97,7.58,0.0,7,0,GOOD
Mobile_7AM,Cloudflare_VN,30.65,28.71,25.6,43.03,40.53,5.21,0.0,7,0,GOOD
Mobile_7AM,Cloudflare_VN,36.74,30.77,26.12,146.7,66.46,15.46,0.0,7,0,ACCEPTABLE
Mobile_7AM,Cloudflare_VN,127.88,36.01,26.36,853.89,481.21,126.23,0.0,7,0,POOR
Mobile_7AM,Cloudflare_VN,219.06,124.75,45.93,722.99,550.76,137.26,0.0,7,0,POOR
Mobile_7AM,Google_VN,134.22,52.48,27.67,634.5,508.21,131.4,0.0,7,0,POOR
Mobile_7AM,Google_VN,38.99,30.48,27.06,112.29,62.35,16.9,0.0,7,0,ACCEPTABLE
Mobile_7AM,Google_VN,38.59,31.55,27.05,83.55,65.05,13.52,0.0,7,0,ACCEPTABLE
Mobile_7AM,Google_VN,45.9,31.18,26.76,273.71,60.7,30.62,0.0,7,0,POOR
Mobile_7AM,Google_VN,40.15,31.7,26.84,92.35,58.78,18.21,0.0,7,0,ACCEPTABLE
Mobile_7AM,Google_VN,37.91,31.35,26.88,76.94,60.11,14.78,0.0,7,0,ACCEPTABLE
Mobile_7AM,Google_VN,39.11,29.41,26.72,112.81,59.79,17.28,0.0,7,0,ACCEPTABLE
Mobile_7AM,Google_VN,37.77,31.66,27.48,59.87,58.97,13.48,0.0,7,0,ACCEPTABLE
Mobile_7AM,Google_VN,97.17,31.28,26.72,912.09,528.09,80.78,0.0,7,0,POOR
Mobile_7AM,Google_VN,36.17,30.08,26.48,70.24,54.2,12.91,0.0,7,0,ACCEPTABLE
Mobile_7AM,Google_VN,132.97,54.49,26.92,656.67,599.05,126.03,0.0,7,0,POOR
Mobile_7AM,Google_VN,94.88,56.56,27.37,885.43,190.1,82.75,0.0,7,0,POOR
Mobile_7AM,Google_VN,58.27,32.12,25.75,357.45,192.18,42.89,0.0,7,0,POOR
Mobile_7AM,Google_VN,43.1,29.46,26.77,183.67,99.22,26.2,0.0,7,0,ACCEPTABLE
Mobile_7AM,Google_VN,45.55,30.32,26.7,145.72,109.97,28.53,0.0,7,0,ACCEPTABLE
Mobile_7AM,Google_VN,77.93,45.05,26.52,291.05,251.45,32.24,0.0,7,0,POOR
Mobile_7AM,Google_VN,36.26,30.12,26.56,68.16,61.6,14.09,0.0,7,0,ACCEPTABLE
Mobile_7AM,Google_VN,33.37,30.27,26.18,62.39,58.38,8.31,0.0,7,0,GOOD
Mobile_7AM,Google_VN,46.56,33.06,26.47,157.26,107.31,27.99,0.0,7,0,ACCEPTABLE
Mobile_7AM,Google_VN,121.27,58.09,26.11,867.9,377.22,68.4,0.0,7,0,POOR
Mobile_7AM,Google_VN,262.91,159.3,60.71,830.7,748.42,175.63,0.0,7,0,POOR
Mobile_7AM,OpenDNS_Global,104.77,59.02,38.19,365.14,298.6,83.73,0.0,7,0,POOR
Mobile_7AM,OpenDNS_Global,56.16,47.94,39.2,131.13,94.47,14.86,0.0,7,0,ACCEPTABLE
Mobile_7AM,OpenDNS_Global,46.86,41.37,38.61,90.54,80.74,8.64,0.0,7,0,GOOD
Mobile_7AM,OpenDNS_Global,56.61,42.55,39.16,218.79,110.46,20.77,0.0,7,0,ACCEPTABLE
Mobile_7AM,OpenDNS_Global,44.16,42.48,38.7,59.85,56.11,6.46,0.0,7,0,GOOD
Mobile_7AM,OpenDNS_Global,45.94,42.8,38.72,80.1,57.26,8.84,0.0,7,0,GOOD
Mobile_7AM,OpenDNS_Global,48.22,42.08,39.14,86.74,72.4,12.08,0.0,7,0,ACCEPTABLE
Mobile_7AM,OpenDNS_Global,44.5,42.09,38.82,55.67,53.79,7.08,0.0,7,0,GOOD
Mobile_7AM,OpenDNS_Global,94.56,44.11,37.93,1042.08,287.41,80.95,0.0,7,0,POOR
Mobile_7AM,OpenDNS_Global,60.19,42.0,38.83,450.74,72.04,35.13,0.0,7,0,POOR
Mobile_7AM,OpenDNS_Global,121.59,65.39,37.97,766.71,482.81,112.74,0.0,7,0,POOR
Mobile_7AM,OpenDNS_Global,76.87,61.65,38.62,275.44,172.35,43.2,0.0,7,0,POOR
Mobile_7AM,OpenDNS_Global,65.53,47.45,39.19,363.94,110.94,32.2,0.0,7,0,POOR
Mobile_7AM,OpenDNS_Global,59.23,44.22,37.95,291.66,92.84,29.83,0.0,7,0,ACCEPTABLE
Mobile_7AM,OpenDNS_Global,58.75,43.11,38.64,180.13,132.61,31.47,0.0,7,0,POOR
Mobile_7AM,OpenDNS_Global,93.26,59.12,38.73,287.2,244.39,32.64,0.0,7,0,POOR
Mobile_7AM,OpenDNS_Global,54.89,44.79,38.17,270.2,68.36,24.62,3.33,7,0,POOR
Mobile_7AM,OpenDNS_Global,48.85,44.18,38.16,98.51,81.69,12.45,0.0,7,0,ACCEPTABLE
Mobile_7AM,OpenDNS_Global,60.55,46.56,37.19,234.67,112.22,32.06,0.0,7,0,POOR
Mobile_7AM,OpenDNS_Global,144.85,70.72,38.72,883.44,543.24,85.92,0.0,7,0,POOR
Mobile_7AM,OpenDNS_Global,269.32,128.45,46.2,857.1,770.5,162.3,0.0,7,0,POOR
Mobile_7PM,Cloudflare_VN,54.89,54.47,32.94,111.57,92.2,20.57,0.0,19,1,ACCEPTABLE
Mobile_7PM,Cloudflare_VN,55.73,55.2,33.85,125.72,87.94,17.78,0.0,19,1,ACCEPTABLE
Mobile_7PM,Cloudflare_VN,68.26,52.39,33.02,297.2,147.8,41.84,0.0,19,1,POOR
Mobile_7PM,Cloudflare_VN,50.75,50.89,32.88,108.83,63.41,14.18,0.0,19,1,ACCEPTABLE
Mobile_7PM,Cloudflare_VN,54.57,55.19,33.5,88.26,71.9,14.28,0.0,19,1,ACCEPTABLE
Mobile_7PM,Cloudflare_VN,50.49,52.14,31.92,66.76,65.31,11.17,3.33,19,1,POOR
Mobile_7PM,Cloudflare_VN,50.97,51.41,32.55,83.82,70.84,12.22,0.0,19,1,ACCEPTABLE
Mobile_7PM,Cloudflare_VN,53.88,53.83,33.9,140.43,63.31,16.71,0.0,19,1,ACCEPTABLE
Mobile_7PM,Cloudflare_VN,50.5,49.17,33.28,72.67,61.44,9.55,0.0,19,1,GOOD
Mobile_7PM,Cloudflare_VN,76.42,58.07,32.88,337.36,200.04,47.84,0.0,19,1,POOR
Mobile_7PM,Google_VN,59.23,56.59,34.69,134.29,97.12,24.89,0.0,19,1,ACCEPTABLE
Mobile_7PM,Google_VN,63.43,57.03,34.16,140.81,107.45,23.17,0.0,19,1,ACCEPTABLE
Mobile_7PM,Google_VN,67.43,52.79,34.53,256.18,143.2,41.83,0.0,19,1,POOR
Mobile_7PM,Google_VN,50.75,52.26,33.86,68.16,63.57,11.06,0.0,19,1,GOOD
Mobile_7PM,Google_VN,53.68,55.4,34.62,64.1,61.57,8.04,0.0,19,1,GOOD
Mobile_7PM,Google_VN,77.98,52.8,33.32,700.75,100.98,60.28,0.0,19,1,POOR
Mobile_7PM,Google_VN,89.08,53.92,33.85,1129.8,93.29,91.11,0.0,19,1,POOR
Mobile_7PM,Google_VN,51.3,53.84,33.27,69.54,66.31,11.84,0.0,19,1,GOOD
Mobile_7PM,Google_VN,50.86,53.22,33.71,86.98,61.6,15.74,0.0,19,1,ACCEPTABLE
Mobile_7PM,Google_VN,57.52,54.07,34.22,114.02,98.06,17.54,0.0,19,1,ACCEPTABLE
Mobile_7PM,OpenDNS_Global,80.76,77.54,62.6,139.51,116.8,21.0,0.0,19,1,ACCEPTABLE
Mobile_7PM,OpenDNS_Global,92.54,82.53,65.44,192.53,146.82,28.08,0.0,19,1,ACCEPTABLE
Mobile_7PM,OpenDNS_Global,86.57,86.68,63.6,110.3,108.03,11.97,0.0,19,1,ACCEPTABLE
Mobile_7PM,OpenDNS_Global,81.15,85.16,63.45,106.97,92.1,11.83,0.0,19,1,ACCEPTABLE
Mobile_7PM,OpenDNS_Global,82.27,83.87,63.25,101.44,92.77,9.85,0.0,19,1,ACCEPTABLE
Mobile_7PM,OpenDNS_Global,80.76,79.3,62.62,145.75,98.92,15.24,0.0,19,1,ACCEPTABLE
Mobile_7PM,OpenDNS_Global,80.64,80.41,62.67,148.46,93.74,14.31,0.0,19,1,ACCEPTABLE
Mobile_7PM,OpenDNS_Global,80.52,82.47,62.91,101.9,92.1,12.1,0.0,19,1,ACCEPTABLE
Mobile_7PM,OpenDNS_Global,82.83,80.45,62.46,150.6,104.55,15.47,0.0,19,1,ACCEPTABLE
Mobile_7PM,OpenDNS_Global,107.31,87.58,64.52,235.29,197.63,45.88,0.0,19,1,POOR
Mobile_Good_Signal_Midnight,Cloudflare_VN,45.39,44.59,32.07,61.81,59.33,12.38,0.0,0,0,ACCEPTABLE
Mobile_Good_Signal_Midnight,Cloudflare_VN,47.92,47.17,32.81,85.1,63.84,14.14,0.0,0,0,ACCEPTABLE
Mobile_Good_Signal_Midnight,Cloudflare_VN,47.96,41.79,33.52,152.64,63.55,17.91,0.0,0,0,ACCEPTABLE
Mobile_Good_Signal_Midnight,Cloudflare_VN,51.97,52.78,33.65,139.16,63.46,16.8,0.0,0,0,ACCEPTABLE
Mobile_Good_Signal_Midnight,Cloudflare_VN,44.55,40.45,32.78,62.54,58.85,12.74,0.0,0,0,ACCEPTABLE
Mobile_Good_Signal_Midnight,Cloudflare_VN,47.41,50.77,32.06,64.45,61.36,12.32,0.0,0,0,ACCEPTABLE
Mobile_Good_Signal_Midnight,Cloudflare_VN,47.05,49.84,32.13,65.89,60.02,14.16,0.0,0,0,ACCEPTABLE
Mobile_Good_Signal_Midnight,Cloudflare_VN,43.9,46.5,32.25,59.62,55.62,6.37,0.0,0,0,GOOD
Mobile_Good_Signal_Midnight,Cloudflare_VN,55.47,38.06,34.59,165.87,144.18,35.63,0.0,0,0,POOR
Mobile_Good_Signal_Midnight,Cloudflare_VN,41.58,36.02,33.95,102.71,79.02,8.14,0.0,0,0,GOOD
Mobile_Good_Signal_Midnight,Cloudflare_VN,46.99,36.45,34.16,243.15,66.82,21.51,0.0,0,0,ACCEPTABLE
Mobile_Good_Signal_Midnight,Cloudflare_VN,60.98,37.73,34.55,459.84,112.55,36.46,0.0,0,0,POOR
Mobile_Good_Signal_Midnight,Cloudflare_VN,40.32,36.75,34.39,65.67,62.9,7.24,3.33,0,0,POOR
Mobile_Good_Signal_Midnight,Cloudflare_VN,38.0,36.84,34.53,50.89,47.64,3.09,6.67,0,0,POOR
Mobile_Good_Signal_Midnight,Cloudflare_VN,81.99,36.03,33.79,1281.66,78.69,93.53,0.0,0,0,POOR
Mobile_Good_Signal_Midnight,Cloudflare_VN,45.59,36.48,34.13,156.98,104.33,16.0,0.0,0,0,ACCEPTABLE
Mobile_Good_Signal_Midnight,Cloudflare_VN,39.63,35.66,32.4,139.13,44.42,9.27,0.0,0,0,GOOD
Mobile_Good_Signal_Midnight,Cloudflare_VN,47.29,35.65,31.88,163.44,107.81,20.28,0.0,0,0,ACCEPTABLE
Mobile_Good_Signal_Midnight,Cloudflare_VN,43.15,35.25,32.34,135.02,68.87,17.74,10.0,0,0,POOR
Mobile_Good_Signal_Midnight,Cloudflare_VN,38.27,34.9,31.63,97.76,51.51,9.4,3.33,0,0,POOR
Mobile_Good_Signal_Midnight,Cloudflare_VN,49.49,35.69,32.74,181.63,130.75,28.76,3.33,1,0,POOR
Mobile_Good_Signal_Midnight,Cloudflare_VN,517.46,63.86,33.3,10388.12,1314.28,556.14,6.67,1,0,POOR
Mobile_Good_Signal_Midnight,Cloudflare_VN,218.95,104.91,34.5,1458.96,587.04,201.54,0.0,1,0,POOR
Mobile_Good_Signal_Midnight,Cloudflare_VN,61.84,44.21,33.57,201.26,167.38,35.73,0.0,1,0,POOR
Mobile_Good_Signal_Midnight,Cloudflare_VN,54.18,43.84,34.69,113.22,94.14,20.32,0.0,1,0,ACCEPTABLE
Mobile_Good_Signal_Midnight,Cloudflare_VN,57.58,51.54,36.69,104.89,93.43,17.86,0.0,1,0,ACCEPTABLE
Mobile_Good_Signal_Midnight,Cloudflare_VN,75.21,52.86,36.35,328.0,171.83,52.24,0.0,1,0,POOR
Mobile_Good_Signal_Midnight,Cloudflare_VN,63.33,52.9,38.54,163.6,130.72,22.75,0.0,1,0,ACCEPTABLE
Mobile_Good_Signal_Midnight,Cloudflare_VN,68.18,46.2,37.14,178.99,164.53,38.57,0.0,1,0,POOR
Mobile_Good_Signal_Midnight,Cloudflare_VN,70.42,53.28,36.71,173.09,155.18,34.71,3.33,1,0,POOR
Mobile_Good_Signal_Midnight,Cloudflare_VN,67.04,54.78,35.29,164.71,113.6,28.51,0.0,1,0,ACCEPTABLE
Mobile_Good_Signal_Midnight,Cloudflare_VN,76.79,65.68,36.84,204.97,131.16,35.53,0.0,1,0,POOR
Mobile_Good_Signal_Midnight,Cloudflare_VN,81.04,57.05,32.86,441.36,123.38,57.4,0.0,1,0,POOR
Mobile_Good_Signal_Midnight,Cloudflare_VN,54.73,47.66,36.77,165.0,94.09,24.75,0.0,1,0,ACCEPTABLE
Mobile_Good_Signal_Midnight,Cloudflare_VN,52.89,50.32,33.77,111.95,85.96,18.14,0.0,1,0,ACCEPTABLE
Mobile_Good_Signal_Midnight,Cloudflare_VN,69.32,52.34,35.42,227.54,193.25,42.22,0.0,1,0,POOR
Mobile_Good_Signal_Midnight,Cloudflare_VN,65.24,55.0,36.53,235.32,113.29,27.4,0.0,1,0,ACCEPTABLE
Mobile_Good_Signal_Midnight,Cloudflare_VN,60.99,48.8,35.52,160.67,125.48,32.38,0.0,1,0,POOR
Mobile_Good_Signal_Midnight,Cloudflare_VN,68.13,53.73,35.25,199.45,139.06,30.62,0.0,1,0,POOR
Mobile_Good_Signal_Midnight,Cloudflare_VN,61.96,48.87,38.03,158.44,124.62,26.61,0.0,1,0,ACCEPTABLE
Mobile_Good_Signal_Midnight,Google_VN,56.32,55.44,35.3,157.72,65.37,15.4,0.0,0,0,ACCEPTABLE
Mobile_Good_Signal_Midnight,Google_VN,51.67,52.55,34.39,68.15,64.82,10.9,0.0,0,0,GOOD
Mobile_Good_Signal_Midnight,Google_VN,48.82,50.27,34.76,72.7,66.82,12.35,0.0,0,0,ACCEPTABLE
Mobile_Good_Signal_Midnight,Google_VN,53.13,55.39,35.34,74.22,64.2,10.6,0.0,0,0,GOOD
Mobile_Good_Signal_Midnight,Google_VN,52.59,54.11,34.39,65.5,63.87,10.25,0.0,0,0,GOOD
Mobile_Good_Signal_Midnight,Google_VN,52.99,55.75,34.52,102.76,66.74,15.94,0.0,0,0,ACCEPTABLE
Mobile_Good_Signal_Midnight,Google_VN,55.34,57.44,36.38,83.2,68.82,8.74,0.0,0,0,ACCEPTABLE
Mobile_Good_Signal_Midnight,Google_VN,51.94,51.73,35.83,80.14,63.48,10.37,3.33,0,0,POOR
Mobile_Good_Signal_Midnight,Google_VN,55.04,55.1,33.12,132.98,87.54,19.48,0.0,0,0,ACCEPTABLE
Mobile_Good_Signal_Midnight,Google_VN,50.09,49.91,34.43,63.69,62.87,10.57,0.0,0,0,GOOD
Mobile_Good_Signal_Midnight,Google_VN,55.8,50.73,34.39,166.67,98.49,26.65,0.0,0,0,ACCEPTABLE
Mobile_Good_Signal_Midnight,Google_VN,53.97,54.55,32.86,103.36,74.0,19.81,0.0,0,0,ACCEPTABLE
Mobile_Good_Signal_Midnight,Google_VN,49.73,53.02,33.69,71.8,65.91,10.07,0.0,0,0,GOOD
Mobile_Good_Signal_Midnight,Google_VN,52.35,53.31,33.66,108.55,82.42,16.59,0.0,0,0,ACCEPTABLE
Mobile_Good_Signal_Midnight,Google_VN,65.79,52.59,34.12,385.26,125.75,41.56,0.0,0,0,POOR
Mobile_Good_Signal_Midnight,Google_VN,49.36,53.56,32.65,64.81,61.85,13.6,0.0,0,0,ACCEPTABLE
Mobile_Good_Signal_Midnight,Google_VN,52.03,47.18,33.47,127.65,90.81,21.72,0.0,0,0,ACCEPTABLE
Mobile_Good_Signal_Midnight,Google_VN,55.74,55.16,36.0,94.74,75.6,14.2,0.0,0,0,ACCEPTABLE
Mobile_Good_Signal_Midnight,Google_VN,54.26,52.78,34.45,102.37,92.63,21.98,0.0,0,0,ACCEPTABLE
Mobile_Good_Signal_Midnight,Google_VN,49.9,48.7,34.85,66.22,65.48,9.28,0.0,0,0,GOOD
Mobile_Good_Signal_Midnight,Google_VN,58.42,49.54,34.14,232.12,117.72,27.63,0.0,1,0,ACCEPTABLE
Mobile_Good_Signal_Midnight,Google_VN,515.64,71.89,34.04,9946.3,1436.76,560.23,10.0,1,0,POOR
Mobile_Good_Signal_Midnight,Google_VN,318.78,123.67,43.71,1537.8,1324.94,430.87,10.0,1,0,POOR
Mobile_Good_Signal_Midnight,Google_VN,125.69,72.59,42.67,608.75,409.76,103.39,0.0,1,0,POOR
Mobile_Good_Signal_Midnight,Google_VN,176.09,64.17,34.2,1829.72,809.72,231.0,0.0,1,0,POOR
Mobile_Good_Signal_Midnight,Google_VN,158.17,86.65,47.65,1065.09,688.46,146.69,3.33,1,0,POOR
Mobile_Good_Signal_Midnight,Google_VN,137.14,93.68,35.03,526.25,402.82,108.41,3.33,1,0,POOR
Mobile_Good_Signal_Midnight,Google_VN,115.52,65.58,35.72,623.42,412.35,81.49,6.67,1,0,POOR
Mobile_Good_Signal_Midnight,Google_VN,127.94,64.88,34.32,1336.41,404.02,149.4,0.0,1,0,POOR
Mobile_Good_Signal_Midnight,Google_VN,174.14,112.82,38.08,810.33,575.63,159.68,3.33,1,0,POOR
Mobile_Good_Signal_Midnight,Google_VN,212.43,80.72,43.27,1308.43,915.86,196.27,3.33,1,0,POOR
Mobile_Good_Signal_Midnight,Google_VN,219.43,117.03,40.52,1402.89,676.25,230.16,0.0,1,0,POOR
Mobile_Good_Signal_Midnight,Google_VN,207.75,120.54,37.23,963.86,801.34,235.03,0.0,1,0,POOR
Mobile_Good_Signal_Midnight,Google_VN,100.88,64.28,40.57,676.51,261.57,83.69,0.0,1,0,POOR
Mobile_Good_Signal_Midnight,Google_VN,160.37,73.18,42.11,989.89,752.42,183.93,0.0,1,0,POOR
Mobile_Good_Signal_Midnight,Google_VN,164.58,72.53,42.79,1752.14,662.31,210.25,0.0,1,0,POOR
Mobile_Good_Signal_Midnight,Google_VN,98.42,76.1,39.86,451.53,224.02,68.99,6.67,1,0,POOR
Mobile_Good_Signal_Midnight,Google_VN,143.5,76.42,48.85,1853.19,161.2,158.85,6.67,1,0,POOR
Mobile_Good_Signal_Midnight,Google_VN,108.46,80.26,38.38,401.25,283.34,67.27,3.33,1,0,POOR
Mobile_Good_Signal_Midnight,Google_VN,149.96,79.86,39.79,895.09,779.26,153.63,0.0,1,0,POOR
Mobile_Good_Signal_Midnight,OpenDNS_Global,81.53,82.49,63.49,98.07,95.83,10.59,0.0,0,0,ACCEPTABLE
Mobile_Good_Signal_Midnight,OpenDNS_Global,79.62,80.55,63.21,93.94,91.26,8.98,0.0,0,0,ACCEPTABLE
Mobile_Good_Signal_Midnight,OpenDNS_Global,81.15,82.6,64.42,94.91,91.96,9.16,3.33,0,0,POOR
Mobile_Good_Signal_Midnight,OpenDNS_Global,81.24,81.44,64.47,117.47,92.65,11.85,0.0,0,0,ACCEPTABLE
Mobile_Good_Signal_Midnight,OpenDNS_Global,79.4,82.23,63.49,102.58,90.59,10.0,0.0,0,0,ACCEPTABLE
Mobile_Good_Signal_Midnight,OpenDNS_Global,85.5,83.45,65.95,164.45,97.02,12.71,0.0,0,0,ACCEPTABLE
Mobile_Good_Signal_Midnight,OpenDNS_Global,81.36,85.41,63.34,95.9,91.44,9.5,0.0,0,0,ACCEPTABLE
Mobile_Good_Signal_Midnight,OpenDNS_Global,81.93,80.34,62.91,137.84,92.39,12.98,0.0,0,0,ACCEPTABLE
Mobile_Good_Signal_Midnight,OpenDNS_Global,84.72,85.88,67.21,101.2,96.87,10.5,0.0,0,0,ACCEPTABLE
Mobile_Good_Signal_Midnight,OpenDNS_Global,78.34,78.09,63.98,100.64,93.05,12.18,0.0,0,0,ACCEPTABLE
Mobile_Good_Signal_Midnight,OpenDNS_Global,89.67,80.66,64.89,406.83,91.71,33.48,0.0,0,0,POOR
Mobile_Good_Signal_Midnight,OpenDNS_Global,86.06,82.06,65.71,163.66,117.18,15.84,0.0,0,0,ACCEPTABLE
Mobile_Good_Signal_Midnight,OpenDNS_Global,85.7,83.58,65.02,151.19,110.23,18.67,3.33,0,0,POOR
Mobile_Good_Signal_Midnight,OpenDNS_Global,84.16,86.36,64.22,142.22,93.94,12.71,0.0,0,0,ACCEPTABLE
Mobile_Good_Signal_Midnight,OpenDNS_Global,95.02,87.47,63.7,413.17,109.82,35.17,0.0,0,0,POOR
Mobile_Good_Signal_Midnight,OpenDNS_Global,89.57,87.66,63.26,209.53,130.58,23.1,0.0,0,0,ACCEPTABLE
Mobile_Good_Signal_Midnight,OpenDNS_Global,86.73,79.84,61.76,309.1,107.35,27.83,0.0,0,0,ACCEPTABLE
Mobile_Good_Signal_Midnight,OpenDNS_Global,75.24,75.26,60.3,94.06,90.4,10.97,0.0,0,0,ACCEPTABLE
Mobile_Good_Signal_Midnight,OpenDNS_Global,74.72,72.51,54.77,161.24,99.49,18.14,0.0,0,0,ACCEPTABLE
Mobile_Good_Signal_Midnight,OpenDNS_Global,71.45,70.59,54.17,99.16,81.96,12.01,0.0,0,0,ACCEPTABLE
Mobile_Good_Signal_Midnight,OpenDNS_Global,73.43,74.59,54.55,105.07,90.12,11.01,0.0,1,0,ACCEPTABLE
Mobile_Good_Signal_Midnight,OpenDNS_Global,193.64,88.22,54.12,1002.52,876.88,167.46,6.67,1,0,POOR
Mobile_Good_Signal_Midnight,OpenDNS_Global,345.31,216.96,60.83,1919.43,1030.54,369.26,6.67,1,0,POOR
Mobile_Good_Signal_Midnight,OpenDNS_Global,172.98,88.22,61.46,1132.0,709.25,173.03,3.33,1,0,POOR
Mobile_Good_Signal_Midnight,OpenDNS_Global,132.95,84.93,53.6,664.91,401.23,102.17,0.0,1,0,POOR
Mobile_Good_Signal_Midnight,OpenDNS_Global,133.45,98.19,59.18,753.88,312.87,90.67,0.0,1,0,POOR
Mobile_Good_Signal_Midnight,OpenDNS_Global,231.79,109.7,63.99,1476.99,1105.29,197.95,0.0,1,0,POOR
Mobile_Good_Signal_Midnight,OpenDNS_Global,126.05,81.88,54.17,905.15,310.96,99.45,3.33,1,0,POOR
Mobile_Good_Signal_Midnight,OpenDNS_Global,127.64,93.73,54.2,1057.09,200.84,95.74,0.0,1,0,POOR
Mobile_Good_Signal_Midnight,OpenDNS_Global,216.93,101.44,56.23,1072.3,744.43,197.26,0.0,1,0,POOR
Mobile_Good_Signal_Midnight,OpenDNS_Global,272.87,88.36,60.28,2007.63,1294.7,338.52,0.0,1,0,POOR
Mobile_Good_Signal_Midnight,OpenDNS_Global,393.13,117.51,57.71,1959.99,1516.88,416.38,3.33,1,0,POOR
Mobile_Good_Signal_Midnight,OpenDNS_Global,247.44,120.72,58.0,1569.68,1033.98,272.99,0.0,1,0,POOR
Mobile_Good_Signal_Midnight,OpenDNS_Global,215.13,82.04,60.83,1725.62,1026.67,243.93,0.0,1,0,POOR
Mobile_Good_Signal_Midnight,OpenDNS_Global,122.77,95.81,58.44,624.84,264.75,75.45,0.0,1,0,POOR
Mobile_Good_Signal_Midnight,OpenDNS_Global,125.33,104.11,64.75,625.74,224.58,73.14,3.33,1,0,POOR
Mobile_Good_Signal_Midnight,OpenDNS_Global,136.47,101.05,55.92,548.68,379.65,77.79,3.33,1,0,POOR
Mobile_Good_Signal_Midnight,OpenDNS_Global,130.91,95.35,63.17,701.44,318.56,87.57,0.0,1,0,POOR
Mobile_Good_Signal_Midnight,OpenDNS_Global,201.5,101.61,55.75,1692.39,825.01,222.72,0.0,1,0,POOR
Mobile_Good_Signal_Midnight,OpenDNS_Global,223.29,100.4,56.28,1674.24,893.82,219.39,13.33,1,0,POOR
Mobile_Good_Signal_Night,Cloudflare_VN,39.74,36.17,34.78,72.72,59.43,6.71,0.0,22,1,GOOD
Mobile_Good_Signal_Night,Cloudflare_VN,42.39,36.15,34.06,146.22,67.63,12.68,3.33,22,1,POOR
Mobile_Good_Signal_Night,Cloudflare_VN,41.38,37.92,34.68,92.56,55.9,8.98,0.0,22,1,GOOD
Mobile_Good_Signal_Night,Cloudflare_VN,40.48,36.25,34.01,134.6,46.51,9.55,0.0,22,1,GOOD
Mobile_Good_Signal_Night,Cloudflare_VN,52.94,38.38,32.97,165.19,143.45,30.91,0.0,22,1,POOR
Mobile_Good_Signal_Night,Cloudflare_VN,44.82,37.37,34.49,132.97,98.78,17.26,10.0,22,1,POOR
Mobile_Good_Signal_Night,Cloudflare_VN,39.89,36.41,34.75,102.86,50.64,7.38,0.0,22,1,GOOD
Mobile_Good_Signal_Night,Cloudflare_VN,43.84,37.66,34.12,214.7,45.23,14.74,0.0,22,1,ACCEPTABLE
Mobile_Good_Signal_Night,Cloudflare_VN,50.01,36.85,33.81,239.76,130.15,17.78,0.0,22,1,ACCEPTABLE
Mobile_Good_Signal_Night,Cloudflare_VN,41.19,36.95,34.16,119.62,52.81,10.47,0.0,22,1,GOOD
Mobile_Good_Signal_Night,Cloudflare_VN,48.66,37.47,34.73,133.09,109.85,23.61,0.0,22,1,ACCEPTABLE
Mobile_Good_Signal_Night,Cloudflare_VN,39.97,36.22,34.22,79.44,58.4,7.21,0.0,22,1,GOOD
Mobile_Good_Signal_Night,Cloudflare_VN,39.73,36.53,34.41,94.91,53.93,7.02,3.33,22,1,POOR
Mobile_Good_Signal_Night,Cloudflare_VN,54.02,38.2,34.99,144.96,131.66,24.04,0.0,22,1,ACCEPTABLE
Mobile_Good_Signal_Night,Cloudflare_VN,47.98,36.84,34.05,162.35,121.97,11.54,0.0,22,1,GOOD
Mobile_Good_Signal_Night,Cloudflare_VN,43.92,36.38,34.18,171.73,73.54,14.54,0.0,22,1,ACCEPTABLE
Mobile_Good_Signal_Night,Google_VN,54.68,55.33,39.17,68.27,67.11,11.02,0.0,22,1,GOOD
Mobile_Good_Signal_Night,Google_VN,61.78,55.64,37.92,237.14,96.32,27.21,0.0,22,1,ACCEPTABLE
Mobile_Good_Signal_Night,Google_VN,52.96,50.98,37.28,106.08,73.37,16.11,0.0,22,1,ACCEPTABLE
Mobile_Good_Signal_Night,Google_VN,53.88,54.58,37.27,131.98,68.51,17.45,0.0,22,1,ACCEPTABLE
Mobile_Good_Signal_Night,Google_VN,57.58,52.8,37.27,135.71,118.21,25.96,0.0,22,1,ACCEPTABLE
Mobile_Good_Signal_Night,Google_VN,57.59,56.87,36.87,113.67,74.39,18.25,0.0,22,1,ACCEPTABLE
Mobile_Good_Signal_Night,Google_VN,51.38,51.24,38.1,72.35,65.71,13.73,0.0,22,1,ACCEPTABLE
Mobile_Good_Signal_Night,Google_VN,50.28,45.32,37.14,80.92,69.02,13.33,0.0,22,1,ACCEPTABLE
Mobile_Good_Signal_Night,Google_VN,59.72,52.55,37.31,252.9,89.46,23.81,0.0,22,1,ACCEPTABLE
Mobile_Good_Signal_Night,Google_VN,52.83,50.25,38.0,147.83,64.75,16.43,0.0,22,1,ACCEPTABLE
Mobile_Good_Signal_Night,Google_VN,49.92,51.91,32.75,69.22,65.93,10.12,0.0,22,1,GOOD
Mobile_Good_Signal_Night,Google_VN,58.01,55.44,34.55,137.84,95.12,22.09,0.0,22,1,ACCEPTABLE
Mobile_Good_Signal_Night,Google_VN,51.02,50.83,33.09,69.67,63.14,14.09,0.0,22,1,ACCEPTABLE
Mobile_Good_Signal_Night,Google_VN,52.95,52.54,33.33,119.8,79.32,19.73,0.0,22,1,ACCEPTABLE
Mobile_Good_Signal_Night,Google_VN,50.15,52.3,33.73,76.34,65.15,11.13,0.0,22,1,GOOD
Mobile_Good_Signal_Night,Google_VN,46.32,47.75,33.41,63.28,61.36,13.29,0.0,22,1,ACCEPTABLE
Mobile_Good_Signal_Night,OpenDNS_Global,83.11,84.57,64.82,93.83,91.83,8.92,0.0,22,1,ACCEPTABLE
Mobile_Good_Signal_Night,OpenDNS_Global,81.11,81.59,63.11,118.99,94.84,15.48,0.0,22,1,ACCEPTABLE
Mobile_Good_Signal_Night,OpenDNS_Global,80.49,81.53,63.96,106.21,90.08,10.61,0.0,22,1,ACCEPTABLE
Mobile_Good_Signal_Night,OpenDNS_Global,82.83,83.37,66.2,93.61,92.21,7.32,0.0,22,1,ACCEPTABLE
Mobile_Good_Signal_Night,OpenDNS_Global,81.09,78.88,63.82,188.3,99.41,18.47,0.0,22,1,ACCEPTABLE
Mobile_Good_Signal_Night,OpenDNS_Global,81.58,79.15,64.24,195.32,92.24,19.31,0.0,22,1,ACCEPTABLE
Mobile_Good_Signal_Night,OpenDNS_Global,83.52,82.36,64.34,191.22,93.82,17.74,0.0,22,1,ACCEPTABLE
Mobile_Good_Signal_Night,OpenDNS_Global,83.21,82.42,64.01,142.01,94.67,15.56,0.0,22,1,ACCEPTABLE
Mobile_Good_Signal_Night,OpenDNS_Global,87.74,84.41,65.12,147.54,118.94,10.39,0.0,22,1,ACCEPTABLE
Mobile_Good_Signal_Night,OpenDNS_Global,87.37,84.62,65.67,211.0,95.24,17.03,0.0,22,1,ACCEPTABLE
Mobile_Good_Signal_Night,OpenDNS_Global,87.05,85.66,63.14,174.25,117.3,19.55,0.0,22,1,ACCEPTABLE
Mobile_Good_Signal_Night,OpenDNS_Global,91.13,82.56,65.39,188.52,162.84,24.53,0.0,22,1,ACCEPTABLE
Mobile_Good_Signal_Night,OpenDNS_Global,89.23,83.64,64.21,206.93,158.42,30.57,0.0,22,1,POOR
Mobile_Good_Signal_Night,OpenDNS_Global,80.54,82.79,64.64,94.24,92.35,8.96,0.0,22,1,ACCEPTABLE
Mobile_Good_Signal_Night,OpenDNS_Global,85.59,85.29,65.62,146.96,117.83,14.32,0.0,22,1,ACCEPTABLE
Mobile_Good_Signal_Night,OpenDNS_Global,80.14,82.58,64.04,92.83,91.06,7.36,0.0,22,1,ACCEPTABLE
Mobile_Stress_Congestion,Cloudflare_VN,79.0,52.88,33.75,720.28,144.89,62.92,0.0,20,1,POOR
Mobile_Stress_Congestion,Cloudflare_VN,55.15,45.03,35.43,216.56,109.71,22.18,0.0,20,1,ACCEPTABLE
Mobile_Stress_Congestion,Cloudflare_VN,64.45,46.29,32.53,255.55,159.39,37.65,0.0,20,1,POOR
Mobile_Stress_Congestion,Cloudflare_VN,58.62,50.01,35.58,116.72,108.64,25.48,0.0,20,1,ACCEPTABLE
Mobile_Stress_Congestion,Cloudflare_VN,45.77,40.09,31.12,94.92,65.82,11.89,0.0,20,1,GOOD
Mobile_Stress_Congestion,Cloudflare_VN,44.39,41.16,30.99,67.75,61.65,10.73,0.0,20,1,GOOD
Mobile_Stress_Congestion,Cloudflare_VN,47.93,45.23,32.53,72.12,69.76,14.66,0.0,20,1,ACCEPTABLE
Mobile_Stress_Congestion,Cloudflare_VN,44.01,41.42,33.25,78.28,70.52,11.38,0.0,20,1,GOOD
Mobile_Stress_Congestion,Cloudflare_VN,42.92,40.92,31.88,64.66,62.36,10.57,0.0,20,1,GOOD
Mobile_Stress_Congestion,Cloudflare_VN,48.12,42.28,34.05,90.79,72.77,14.61,0.0,20,1,ACCEPTABLE
Mobile_Stress_Congestion,Cloudflare_VN,52.89,43.35,33.31,134.78,114.64,17.47,0.0,21,1,ACCEPTABLE
Mobile_Stress_Congestion,Cloudflare_VN,52.66,49.59,34.22,85.26,80.44,15.4,0.0,21,1,ACCEPTABLE
Mobile_Stress_Congestion,Cloudflare_VN,48.65,45.09,32.61,82.58,75.62,12.92,0.0,21,1,ACCEPTABLE
Mobile_Stress_Congestion,Cloudflare_VN,50.27,45.17,33.2,92.12,74.5,15.87,0.0,21,1,ACCEPTABLE
Mobile_Stress_Congestion,Google_VN,153.15,129.28,95.38,646.18,217.09,67.9,0.0,20,1,POOR
Mobile_Stress_Congestion,Google_VN,152.09,129.05,95.35,488.14,329.98,66.08,3.33,20,1,POOR
Mobile_Stress_Congestion,Google_VN,134.9,118.55,86.83,347.94,227.46,49.01,0.0,20,1,POOR
Mobile_Stress_Congestion,Google_VN,152.2,129.44,85.44,385.3,291.02,54.76,3.33,20,1,POOR
Mobile_Stress_Congestion,Google_VN,116.74,116.14,90.02,148.0,141.48,15.47,0.0,20,1,ACCEPTABLE
Mobile_Stress_Congestion,Google_VN,130.04,122.68,84.97,194.89,170.16,23.04,0.0,20,1,POOR
Mobile_Stress_Congestion,Google_VN,113.37,114.17,79.78,138.56,133.69,19.24,0.0,20,1,ACCEPTABLE
Mobile_Stress_Congestion,Google_VN,112.77,107.06,81.64,187.76,156.65,22.47,0.0,20,1,ACCEPTABLE
Mobile_Stress_Congestion,Google_VN,109.39,110.21,77.07,152.4,135.05,17.48,0.0,20,1,ACCEPTABLE
Mobile_Stress_Congestion,Google_VN,123.19,119.5,87.1,182.79,168.14,26.02,0.0,20,1,POOR
Mobile_Stress_Congestion,Google_VN,142.38,130.47,98.81,214.47,190.1,37.02,0.0,21,1,POOR
Mobile_Stress_Congestion,Google_VN,134.2,123.29,84.67,215.17,202.97,34.6,0.0,21,1,POOR
Mobile_Stress_Congestion,Google_VN,127.17,123.45,86.48,212.58,177.86,33.32,0.0,21,1,POOR
Mobile_Stress_Congestion,Google_VN,125.98,116.69,80.43,236.68,186.07,29.21,0.0,21,1,POOR
Mobile_Stress_Congestion,OpenDNS_Global,180.74,102.66,65.78,1234.76,546.58,184.32,0.0,20,1,POOR
Mobile_Stress_Congestion,OpenDNS_Global,115.28,97.56,65.53,348.01,216.31,63.85,0.0,20,1,POOR
Mobile_Stress_Congestion,OpenDNS_Global,111.66,101.25,66.66,266.92,179.29,34.4,0.0,20,1,POOR
Mobile_Stress_Congestion,OpenDNS_Global,118.85,107.51,67.83,294.47,207.09,39.28,0.0,20,1,POOR
Mobile_Stress_Congestion,OpenDNS_Global,98.92,98.91,70.98,155.24,123.11,19.48,0.0,20,1,ACCEPTABLE
Mobile_Stress_Congestion,OpenDNS_Global,108.03,104.78,64.02,162.39,150.4,24.76,0.0,20,1,ACCEPTABLE
Mobile_Stress_Congestion,OpenDNS_Global,97.49,95.33,67.72,138.48,118.9,12.59,0.0,20,1,ACCEPTABLE
Mobile_Stress_Congestion,OpenDNS_Global,89.29,86.51,63.9,147.53,130.26,17.66,0.0,20,1,ACCEPTABLE
Mobile_Stress_Congestion,OpenDNS_Global,91.11,85.94,62.43,138.98,128.82,26.18,0.0,20,1,ACCEPTABLE
Mobile_Stress_Congestion,OpenDNS_Global,105.89,104.0,67.45,186.46,152.91,20.49,0.0,20,1,ACCEPTABLE
Mobile_Stress_Congestion,OpenDNS_Global,123.15,109.45,63.99,189.72,177.97,32.56,0.0,21,1,POOR
Mobile_Stress_Congestion,OpenDNS_Global,118.12,111.34,71.89,186.06,170.86,28.51,0.0,21,1,ACCEPTABLE
Mobile_Stress_Congestion,OpenDNS_Global,110.43,104.48,67.55,181.05,156.71,26.44,0.0,21,1,ACCEPTABLE
Mobile_Stress_Congestion,OpenDNS_Global,120.21,116.38,76.69,195.01,181.35,25.03,0.0,21,1,POOR
Mobile_WeakSignal,Cloudflare_VN,214.71,70.19,54.75,1724.14,1207.43,216.35,0.0,21,1,POOR
Mobile_WeakSignal,Cloudflare_VN,109.19,83.95,53.53,592.42,209.97,83.18,0.0,21,1,POOR
Mobile_WeakSignal,Cloudflare_VN,77.19,65.91,54.31,162.51,131.1,22.86,0.0,21,1,ACCEPTABLE
Mobile_WeakSignal,Cloudflare_VN,90.67,81.01,55.45,236.67,163.5,35.42,0.0,21,1,POOR
Mobile_WeakSignal,Cloudflare_VN,62.25,59.3,51.33,94.38,82.42,10.34,0.0,21,1,ACCEPTABLE
Mobile_WeakSignal,Cloudflare_VN,84.2,79.4,47.03,157.91,130.18,22.56,3.33,21,1,POOR
Mobile_WeakSignal,Cloudflare_VN,88.59,79.5,61.79,177.06,150.37,26.42,0.0,21,1,ACCEPTABLE
Mobile_WeakSignal,Google_VN,176.56,104.85,64.19,855.64,587.69,112.47,0.0,21,1,POOR
Mobile_WeakSignal,Google_VN,143.64,84.86,55.81,1700.59,168.09,134.77,0.0,21,1,POOR
Mobile_WeakSignal,Google_VN,92.66,82.19,50.2,190.77,156.89,32.97,3.33,21,1,POOR
Mobile_WeakSignal,Google_VN,91.6,84.72,69.46,149.33,129.94,17.72,0.0,21,1,ACCEPTABLE
Mobile_WeakSignal,Google_VN,80.05,81.89,55.18,116.69,102.81,15.71,3.33,21,1,POOR
Mobile_WeakSignal,Google_VN,88.62,85.49,52.38,138.84,126.97,22.81,3.33,21,1,POOR
Mobile_WeakSignal,Google_VN,101.02,93.43,65.65,261.54,161.15,29.6,3.33,21,1,POOR
Mobile_WeakSignal,OpenDNS_Global,140.89,93.81,58.08,482.57,331.75,69.62,0.0,21,1,POOR
Mobile_WeakSignal,OpenDNS_Global,108.12,100.92,55.53,195.75,182.7,40.41,0.0,21,1,POOR
Mobile_WeakSignal,OpenDNS_Global,90.96,89.94,58.89,207.25,114.11,22.92,0.0,21,1,ACCEPTABLE
Mobile_WeakSignal,OpenDNS_Global,91.86,88.14,57.07,160.39,142.96,26.94,3.33,21,1,POOR
Mobile_WeakSignal,OpenDNS_Global,85.58,84.62,60.7,116.08,104.03,12.46,3.33,21,1,POOR
Mobile_WeakSignal,OpenDNS_Global,91.7,87.19,57.16,169.7,137.33,31.94,3.33,21,1,POOR
Mobile_WeakSignal,OpenDNS_Global,101.06,93.08,73.51,236.83,145.81,25.78,3.33,21,1,POOR
